village,population_2010,latitude,longitude,type,adm_center,district,region,language,dialect
Абезь,478,61.7531069,66.5203805,посёлок,NA,Городской округ Инта,Республика Коми,Komi-Zyrian,NA
Адзьва,0,66.5544472,59.4226443,деревня,NA,Городской округ Инта,Республика Коми,Komi-Zyrian,Iźva
Адзьвавом,98,66.5952006,59.2955697,село,NA,Городской округ Инта,Республика Коми,Komi-Zyrian,Iźva
Айкино,3367,62.2244834,49.9924109,село,Айкино,Усть-Вымский район,Республика Коми,Komi-Zyrian,Lower Ezhva
Аким,21,63.7428949,53.7260528,деревня,Сосногорск,Сосногорск,Республика Коми,Komi-Zyrian,Iźva
Акись,130,65.8378286,56.7533571,деревня,NA,Городской округ Усинск,Республика Коми,Komi-Zyrian,Iźva
Алексеевка,103,62.3899238,52.9298347,деревня,Нившера,Корткеросский район,Республика Коми,Komi-Zyrian,Upper Ezhva
Аникеевка,9,61.8980249,52.0586852,деревня,Нёбдино,Корткеросский район,Республика Коми,Komi-Zyrian,Upper Ezhva
Ануфриевка,2,61.8843703,52.0338442,деревня,Нёбдино,Корткеросский район,Республика Коми,Komi-Zyrian,Upper Ezhva
Аныб,204,61.8707241,53.0145474,село,Аныб,Усть-Куломский район,Республика Коми,Komi-Zyrian,Upper Ezhva
Анюша,21,62.7007464,50.7445357,деревня,Шошка,Княжпогостский район,Республика Коми,Komi-Zyrian,Vym
Арабач,115,62.1241198,49.8284647,деревня,Гам,Усть-Вымский район,Республика Коми,Komi-Zyrian,Lower Ezhva
Аранец,49,64.8330274,57.8434022,деревня,Приуральское,Печора,Республика Коми,Komi-Zyrian,Pechora
Бадьёль,109,62.7684868,55.6422276,посёлок,Нижняя Омра,Троицко-Печорский район,Республика Коми,Komi-Zyrian,NA
Бадьёльск,238,62.2576547,54.0393223,деревня,Помоздино,Усть-Куломский район,Республика Коми,Komi-Zyrian,Upper Ezhva
Бакур,452,65.0448327,53.854694,деревня,Сизябск,Ижемский район,Республика Коми,Komi-Zyrian,Iźva
Баяркерес,14,61.5903411,51.5734743,деревня,Позтыкерес,Корткеросский район,Республика Коми,Komi-Zyrian,Upper Ezhva
Белый Бор,222,62.5588495,56.3991542,посёлок,Мылва,Троицко-Печорский район,Республика Коми,Komi-Zyrian,Pechora
Белый Ю,108,65.2758919,57.1192278,посёлок,Путеец,Печора,Республика Коми,Komi-Zyrian,Iźva
Бердыш,8,61.609628,57.9841998,деревня,Комсомольск-на-Печоре,Троицко-Печорский район,Республика Коми,Komi-Zyrian,Pechora
Березники,33,60.5061542,49.5248495,деревня,Читаево,Прилузский район,Республика Коми,Komi-Zyrian,Luza-Letka
Берёзовка,352,65.014026,56.579664,посёлок,Чикшино,Печора,Республика Коми,Komi-Zyrian,NA
Берёзово,NA,63.9449187,65.0199375,NA,NA,Берёзовский район,Ханты-Мансийский автономный округ – Югра,Komi-Zyrian,NA
Благоево,2221,63.4211789,47.9545408,пгт,пгт Благоево,Удорский район,Республика Коми,Komi-Zyrian,Udora
Богомолово,11,62.1231648,49.7482932,деревня,Гам,Усть-Вымский район,Республика Коми,Komi-Zyrian,Lower Ezhva
Богородск,697,62.259823,52.4863855,село,Богородск,Корткеросский район,Республика Коми,Komi-Zyrian,Upper Ezhva
Большая Парма,31,61.9813169,50.1558365,деревня,Слудка,Сыктывдинский район,Республика Коми,Komi-Zyrian,Lower Ezhva
Большая Пучкома,153,64.0701553,46.9045108,село,Большая Пучкома,Удорский район,Республика Коми,Komi-Zyrian,Udora
Большая Пысса,NA,64.1665162,48.8276973,NA,NA,Удорский район,Республика Коми,Komi-Zyrian,Udora
Большая Слуда,89,62.009879,50.5731371,деревня,Часово,Сыктывдинский район,Республика Коми,Komi-Zyrian,Lower Ezhva
Большая Сойва,50,62.6552304,56.070435,деревня,Троицко-Печорск,Троицко-Печорский район,Республика Коми,Komi-Zyrian,Pechora
Большелуг,680,62.1326637,52.5011919,село,Большелуг,Корткеросский район,Республика Коми,Komi-Zyrian,Upper Ezhva
Большие Чирки,6,63.8805814,47.3168414,деревня,Важгорт,Удорский район,Республика Коми,Komi-Zyrian,Udora
Большое Галово,271,65.2819379,53.110885,деревня,Кельчиюр,Ижемский район,Республика Коми,Komi-Zyrian,Iźva
Большое Острово,NA,64.0479279,46.9821017,NA,NA,Удорский район,Республика Коми,Komi-Zyrian,Udora
Бор,15,60.6525141,49.2111126,деревня,Усть-Цильма,Усть-Цилемский район,Республика Коми,Komi-Zyrian,Luza-Letka
Бор,15,65.5037055,51.9838547,деревня,Усть-Цильма,Усть-Цилемский район,Республика Коми,Komi-Zyrian,NA
Борово,6,63.5352003,49.5240754,деревня,Глотово,Удорский район,Республика Коми,Komi-Zyrian,Udora
Боровой,1560,63.2306768,52.8949171,пгт,NA,Городской округ Ухта,Республика Коми,Komi-Zyrian,NA
Боровская,77,65.2438297,51.8620619,деревня,Замежная,Усть-Цилемский район,Республика Коми,Komi-Zyrian,NA
Бортом,327,60.915085,50.2028791,посёлок,Гагшор,Сысольский район,Республика Коми,Komi-Zyrian,Middle Sysola
Брыкаланск,585,65.4758318,54.2727947,село,Брыкаланск,Ижемский район,Республика Коми,Komi-Zyrian,Iźva
Буткан,306,63.363558,49.0947584,село,Буткан,Удорский район,Республика Коми,Komi-Zyrian,Udora
Бызовая,122,65.0176757,57.3761318,деревня,Озёрный,Печора,Республика Коми,Komi-Zyrian,Iźva
Бык,0,65.7547382,52.2408604,деревня,Хабариха,Усть-Цилемский район,Республика Коми,Komi-Zyrian,NA
Вавиловка,5,59.2887645,49.6552747,деревня,Прокопьевка,Прилузский район,Республика Коми,Komi-Zyrian,Luza-Letka
Вад,23,61.586924,54.9836759,посёлок,Югыдъяг,Усть-Куломский район,Республика Коми,Komi-Zyrian,Upper Ezhva
Важ Эжва,4,61.6318082,54.9177144,посёлок,Югыдъяг,Усть-Куломский район,Республика Коми,Komi-Zyrian,Upper Ezhva
Важгорт,512,64.0125889,47.0477049,село,Важгорт,Удорский район,Республика Коми,Komi-Zyrian,Udora
Важкуръя,258,61.8606911,51.9165773,деревня,Приозёрный,Корткеросский район,Республика Коми,Komi-Zyrian,Upper Ezhva
Ваньпи,1,63.2832353,56.3229817,деревня,Митрофан-Дикост,Троицко-Печорский район,Республика Коми,Komi-Zyrian,Pechora
Варыш,399,65.0360108,53.836706,деревня,Сизябск,Ижемский район,Республика Коми,Komi-Zyrian,Iźva
Васильевка,9,65.354317,52.8474048,деревня,Кельчиюр,Ижемский район,Республика Коми,Komi-Zyrian,NA
Васькино,89,65.8617156,55.1412382,деревня,NA,Городской округ Усинск,Республика Коми,Komi-Zyrian,Iźva
Вежайка,598,62.5628907,49.7371722,посёлок,Вежайка,Усть-Вымский район,Республика Коми,Komi-Zyrian,NA
Вежъю,325,60.6499685,51.1445301,посёлок,Ужга,Койгородский район,Республика Коми,Komi-Zyrian,NA
Вёздино,157,62.162384,49.8736278,деревня,Айкино,Усть-Вымский район,Республика Коми,Komi-Zyrian,Lower Ezhva
Векшор,25,60.5392725,49.4412809,деревня,Читаево,Прилузский район,Республика Коми,Komi-Zyrian,Luza-Letka
Великополье,181,62.0477844,54.3208736,деревня,Пожег,Усть-Куломский район,Республика Коми,Komi-Zyrian,Upper Ezhva
Вендинга,NA,63.4646991,47.9403933,NA,NA,Удорский район,Республика Коми,Komi-Zyrian,Udora
Вертеп,600,65.298699,53.205124,деревня,Краснобор,Ижемский район,Республика Коми,Komi-Zyrian,Iźva
Верхнее Бугаево,85,65.9426841,52.4627485,деревня,Среднее Бугаево,Усть-Цилемский район,Республика Коми,Komi-Zyrian,NA
Верхнеижемский,852,63.0016123,54.6904988,посёлок,Сосногорск,Сосногорск,Республика Коми,Komi-Zyrian,NA
Верхнеколвинск,0,66.669939,56.9929715,посёлок,NA,Городской округ Усинск,Республика Коми,Komi-Zyrian,NA
Верхнемезенск,0,64.1621465,49.5112409,посёлок,пгт Усогорск,Удорский район,Республика Коми,Komi-Zyrian,NA
Верхний Воч,206,61.1380327,54.1892208,деревня,Нижний Воч,Усть-Куломский район,Республика Коми,Komi-Zyrian,Upper Ezhva
Верхний Выльыб,59,63.4901431,49.4566345,деревня,Глотово,Удорский район,Республика Коми,Komi-Zyrian,Udora
Верхний Мыртыю,86,61.5497566,50.909473,посёлок,NA,Городской округ Сыктывкар,Республика Коми,Komi-Zyrian,Prisyktyvkar
Верхняя Инта,1106,65.9884022,60.3234429,пгт,NA,Городской округ Инта,Республика Коми,Komi-Zyrian,NA
Верхняя Омра,39,62.8037697,55.4373026,посёлок,Войвож,Сосногорск,Республика Коми,Komi-Zyrian,NA
Верхняя Отла,28,62.7430402,50.615818,деревня,Шошка,Княжпогостский район,Республика Коми,Komi-Zyrian,Vym
Верхняя Пёша,NA,66.6102092,47.9585033,NA,NA,Заполярный район,Ненецкий автономный округ,Komi-Zyrian,NA
Верховская,0,64.9238734,51.6929166,деревня,Замежная,Усть-Цилемский район,Республика Коми,Komi-Zyrian,NA
Верхозерье,0,64.1365064,46.7610019,деревня,Чупрово,Удорский район,Республика Коми,Komi-Zyrian,Udora
Верхолузье,122,59.90289,48.7007866,село,Верхолузье,Прилузский район,Республика Коми,Komi-Zyrian,Luza-Letka
Веселовка,181,61.4713575,51.5870828,посёлок,Мордино,Корткеросский район,Республика Коми,Komi-Zyrian,Upper Ezhva
Весёлый Кут,55,63.475335,53.1377975,посёлок,NA,Городской округ Ухта,Республика Коми,Komi-Zyrian,NA
Весляна,24,62.9974398,50.8901507,деревня,Ветью,Княжпогостский район,Республика Коми,Komi-Zyrian,Vym
Ветью,141,62.946313,50.7909453,посёлок,Ветью,Княжпогостский район,Республика Коми,Komi-Zyrian,Vym
Визинга,6810,61.0740806,50.0771491,село,Визинга,Сысольский район,Республика Коми,Komi-Zyrian,Middle Sysola
Визиндор,452,60.9692145,49.6879045,посёлок,Визиндор,Сысольский район,Республика Коми,Komi-Zyrian,Middle Sysola
Визябож,127,61.7511709,51.251220000000004,деревня,Додзь,Корткеросский район,Республика Коми,Komi-Zyrian,Prisyktyvkar
Визябож,127,61.7445074,51.21557,деревня,Додзь,Корткеросский район,Республика Коми,Komi-Zyrian,Prisyktyvkar
Винла,77,63.9841911,53.6105556,деревня,Сосногорск,Сосногорск,Республика Коми,Komi-Zyrian,Iźva
Вис,370,63.9097168,54.4487515,посёлок,Сосногорск,Сосногорск,Республика Коми,Komi-Zyrian,NA
Вогваздино,133,62.1988905,50.4385512,деревня,Студенец,Усть-Вымский район,Республика Коми,Komi-Zyrian,Lower Ezhva
Водный,6382,63.5050301,53.4080731,пгт,NA,Городской округ Ухта,Республика Коми,Komi-Zyrian,NA
Вожаёль,135,62.8450318,51.330762,посёлок,Тракт,Княжпогостский район,Республика Коми,Komi-Zyrian,NA
Вожский,2159,62.8263704,49.3026285,посёлок,Вожский,Удорский район,Республика Коми,Komi-Zyrian,NA
Возей,0,66.4720377,57.2055154,посёлок,NA,Городской округ Усинск,Республика Коми,Komi-Zyrian,NA
Войвож,3387,62.8935238,54.9635196,пгт,Войвож,Сосногорск,Республика Коми,Komi-Zyrian,NA
Волоковая,NA,66.4832892,48.2428743,NA,NA,Заполярный район,Республика Коми,Komi-Zyrian,Iźva
Волокпом,25,60.9592169,50.2219357,деревня,Пыёлдино,Сысольский район,Республика Коми,Komi-Zyrian,Middle Sysola
Волосница,20,61.7202324,57.16666,деревня,Куръя,Троицко-Печорский район,Республика Коми,Komi-Zyrian,Pechora
Воль,15,61.1451311,54.3628849,деревня,Нижний Воч,Усть-Куломский район,Республика Коми,Komi-Zyrian,Upper Ezhva
Вольдино,256,62.2622255,54.186396,село,Вольдино,Усть-Куломский район,Республика Коми,Komi-Zyrian,Upper Ezhva
Вомын,8,62.195123,49.9375675,деревня,Айкино,Усть-Вымский район,Республика Коми,Komi-Zyrian,Lower Ezhva
Вомын,8,61.939872,52.5561905,деревня,Айкино,Усть-Вымский район,Республика Коми,Komi-Zyrian,Upper Ezhva
Вомынбож,142,61.9741832,54.303114,деревня,Пожег,Усть-Куломский район,Республика Коми,Komi-Zyrian,Upper Ezhva
Воргашор,12044,67.5811893,63.7837371,пгт,NA,Городской округ Воркута,Республика Коми,Komi-Zyrian,NA
Воркута,70548,67.4949564,64.0400985,город,NA,Городской округ Воркута,Республика Коми,Komi-Zyrian,NA
Восяхово,NA,65.5754899,64.5995482,NA,NA,Шурышкарский район,Ямало-Ненецкий автономный округ,Komi-Zyrian,NA
Вуктыл,12356,63.8443363,57.3001716,город,Вуктыл,Вуктыл,Республика Коми,Komi-Zyrian,Pechora
Вухтым,755,60.4524071,49.6587993,посёлок,Вухтым,Прилузский район,Республика Коми,Komi-Zyrian,NA
Выльвидз,NA,63.964116,47.1640628,NA,NA,Удорский район,Республика Коми,Komi-Zyrian,Udora
Выльгорт,491,61.6270011,50.7684768,деревня,Помоздино,Усть-Куломский район,Республика Коми,Komi-Zyrian,Prisyktyvkar
Выльгорт,491,62.2070346,54.1715066,деревня,Помоздино,Усть-Куломский район,Республика Коми,Komi-Zyrian,Upper Ezhva
Выльгорт,491,64.0604705,46.9982379,деревня,Помоздино,Усть-Куломский район,Республика Коми,Komi-Zyrian,Udora
Выльгорт,29,62.2070346,54.1715066,деревня,Большая Пучкома,Удорский район,Республика Коми,Komi-Zyrian,Upper Ezhva
Выльтыдор,622,61.6644257,50.9365691,посёлок,NA,Городской округ Сыктывкар,Республика Коми,Komi-Zyrian,Prisyktyvkar
Выльыб,226,62.1504449,52.4679707,деревня,Большелуг,Корткеросский район,Республика Коми,Komi-Zyrian,Upper Ezhva
Высокая Гора,0,65.4603419,52.1604561,деревня,Усть-Цильма,Усть-Цилемский район,Республика Коми,Komi-Zyrian,NA
Габово,23,60.9779137,53.7412165,деревня,Дзёль,Усть-Куломский район,Республика Коми,Komi-Zyrian,Upper Ezhva
Гавриловка,98,61.9933882,50.4899342,деревня,Палевицы,Сыктывдинский район,Республика Коми,Komi-Zyrian,Lower Ezhva
Гагшор,156,60.790593,50.1886295,село,Гагшор,Сысольский район,Республика Коми,Komi-Zyrian,Middle Sysola
Гажакерес,32,62.1699826,50.204275,деревня,Кожмудор,Усть-Вымский район,Республика Коми,Komi-Zyrian,Lower Ezhva
Гажаяг,58,63.2013003,54.4983525,деревня,NA,Городской округ Ухта,Республика Коми,Komi-Zyrian,NA
Гам,514,64.9842863,53.8032386,деревня,Мохча,Ижемский район,Республика Коми,Komi-Zyrian,Iźva
Гам,514,62.1186483,49.6880666,деревня,Мохча,Ижемский район,Республика Коми,Komi-Zyrian,Lower Ezhva
Гамлакост,9,62.1234878,49.7864601,деревня,Гам,Усть-Вымский район,Республика Коми,Komi-Zyrian,Lower Ezhva
Гарево,64,65.4311506,52.3484317,деревня,Коровий Ручей,Усть-Цилемский район,Республика Коми,Komi-Zyrian,NA
Гаръя,437,61.3699545,50.5980323,деревня,Пажга,Сыктывдинский район,Республика Коми,Komi-Zyrian,Middle Sysola
Гарьинский,331,61.3791315,50.6066229,посёлок,Пажга,Сыктывдинский район,Республика Коми,Komi-Zyrian,Middle Sysola
Глотово,293,63.4815067,49.4809588,село,Глотово,Удорский район,Республика Коми,Komi-Zyrian,Udora
Гобаново,9,62.1776882,49.9019942,деревня,Айкино,Усть-Вымский район,Республика Коми,Komi-Zyrian,Lower Ezhva
Гостиногорка,74,59.6856895,49.4104502,деревня,Летка,Прилузский район,Республика Коми,Komi-Zyrian,Luza-Letka
Граддор,27,61.5558086,50.7858192,деревня,Шошка,Сыктывдинский район,Республика Коми,Komi-Zyrian,Prisyktyvkar
Грива,363,60.582292,50.8821414,село,Грива,Койгородский район,Республика Коми,Komi-Zyrian,Upper Sysola
Гуж,2,60.3531954,51.361559,посёлок,Кажым,Койгородский район,Республика Коми,Komi-Zyrian,NA
Гурьевка,314,59.4219131,49.61206,село,Гурьевка,Прилузский район,Республика Коми,Komi-Zyrian,Luza-Letka
Гыркашор,70,60.2122546,49.7149265,посёлок,Чёрныш,Прилузский район,Республика Коми,Komi-Zyrian,NA
Гэрдъёль,71,63.4943527,53.2534569,посёлок,NA,Городской округ Ухта,Республика Коми,Komi-Zyrian,NA
Даниловка,163,64.7030685,57.8663674,деревня,Приуральское,Печора,Республика Коми,Komi-Zyrian,Pechora
Дань,56,61.3790753,51.7950866,деревня,Мордино,Корткеросский район,Республика Коми,Komi-Zyrian,Upper Ezhva
Денисовка,494,66.2067263,55.4324305,деревня,NA,Городской округ Усинск,Республика Коми,Komi-Zyrian,Iźva
Деревянск,796,61.7582483,53.3270038,село,Деревянск,Усть-Куломский район,Республика Коми,Komi-Zyrian,Upper Ezhva
Дзёль,184,60.891161,53.6608245,село,Дзёль,Усть-Куломский район,Республика Коми,Komi-Zyrian,Upper Ezhva
Диасёръя,426,62.3786012,53.7864327,посёлок,Диасёръя,Усть-Куломский район,Республика Коми,Komi-Zyrian,Upper Ezhva
Диюр,623,65.2765459,53.3648289,деревня,Краснобор,Ижемский район,Республика Коми,Komi-Zyrian,Iźva
Додзь,189,61.7791695,51.3526344,село,Додзь,Корткеросский район,Республика Коми,Komi-Zyrian,Prisyktyvkar
Дон,464,61.6383447,53.8955314,село,Дон,Усть-Куломский район,Республика Коми,Komi-Zyrian,Upper Ezhva
Дорожный,0,62.904566,55.0980069,посёлок,Войвож,Сосногорск,Республика Коми,Komi-Zyrian,NA
Дутово,957,63.7972885,56.6963297,село,Дутово,Вуктыл,Республика Коми,Komi-Zyrian,Pechora
Евдино,NA,63.0508964,50.8825973,NA,NA,Удорский район,Республика Коми,Komi-Zyrian,Vym
Ёдва,1428,63.0589486,48.8724957,посёлок,Ёдва,Удорский район,Республика Коми,Komi-Zyrian,NA
Елец,7,67.0481978,64.0599975,деревня,NA,Городской округ Воркута,Республика Коми,Komi-Zyrian,NA
Елецкий,631,67.0451526,64.216506,пгт,NA,Городской округ Воркута,Республика Коми,Komi-Zyrian,NA
Ёль,8,65.0230582,53.8226441,деревня,Гам,Усть-Вымский район,Республика Коми,Komi-Zyrian,Iźva
Ёлькыб,5,63.5994825,48.6985452,деревня,Кослан,Удорский район,Республика Коми,Komi-Zyrian,Udora
Емва,14570,62.5982973,50.8879269,город,Емва,Княжпогостский район,Республика Коми,Komi-Zyrian,Vym
Еремеево,198,62.6271109,57.5486077,деревня,Приуральский,Троицко-Печорский район,Республика Коми,Komi-Zyrian,Pechora
Ёрмица,179,66.9145869,52.3342804,село,Ёрмица,Усть-Цилемский район,Республика Коми,Komi-Zyrian,NA
Ероздино,6,62.2540381,50.513708,деревня,Студенец,Усть-Вымский район,Республика Коми,Komi-Zyrian,Vym
Ёртом,244,63.5469733,47.8222161,село,Ёртом,Удорский район,Республика Коми,Komi-Zyrian,Udora
Жежим,127,61.6090391,54.2495779,деревня,Дон,Усть-Куломский район,Республика Коми,Komi-Zyrian,Upper Ezhva
Жешарт,8561,62.0900176,49.5887892,пгт,пгт Жешарт,Усть-Вымский район,Республика Коми,Komi-Zyrian,Lower Ezhva
Жуэд,20,61.355136,50.5867607,деревня,Пажга,Сыктывдинский район,Республика Коми,Komi-Zyrian,Middle Sysola
Загривочная,280,65.0913469,51.9455066,деревня,Замежная,Усть-Цилемский район,Республика Коми,Komi-Zyrian,NA
Замежная,674,65.0431296,51.9733886,село,Замежная,Усть-Цилемский район,Республика Коми,Komi-Zyrian,NA
Заозерье,0,60.9086534,50.3006859,деревня,Заозерье,Сысольский район,Республика Коми,Komi-Zyrian,Middle Sysola
Заречье,5,62.2029277,50.0294653,деревня,Кожмудор,Усть-Вымский район,Республика Коми,Komi-Zyrian,Lower Ezhva
Захарвань,378,66.3340767,55.8691929,деревня,NA,Городской округ Усинск,Республика Коми,Komi-Zyrian,Iźva
Зеленец,2943,61.8819411,50.744747,село,Зеленец,Сыктывдинский район,Республика Коми,Komi-Zyrian,Lower Ezhva
Зеленоборск,433,64.479721,55.2944005,посёлок,Каджером,Печора,Республика Коми,Komi-Zyrian,NA
Зимовка,294,60.5646653,50.5738376,посёлок,Подзь,Койгородский район,Республика Коми,Komi-Zyrian,NA
Зимстан,1458,61.2603007,53.8630928,посёлок,Зимстан,Усть-Куломский район,Республика Коми,Komi-Zyrian,Upper Ezhva
Злоба,6,62.667335,50.9089497,деревня,Емва,Княжпогостский район,Республика Коми,Komi-Zyrian,Vym
Знаменка,291,61.9694764,56.8571688,посёлок,Знаменка,Троицко-Печорский район,Республика Коми,Komi-Zyrian,Pechora
Зулэб,103,62.1878861,52.4606244,деревня,Большелуг,Корткеросский район,Республика Коми,Komi-Zyrian,Upper Ezhva
Зэрзяыб,13,63.6677944,49.4186153,деревня,Глотово,Удорский район,Республика Коми,Komi-Zyrian,Udora
Иван-Ёль,0,63.3542941,54.3819802,посёлок,Сосногорск,Сосногорск,Республика Коми,Komi-Zyrian,NA
Ивановка,221,61.9978733,50.4541495,деревня,Палевицы,Сыктывдинский район,Республика Коми,Komi-Zyrian,Lower Ezhva
Ивановка,221,62.3103027,52.8790487,деревня,Палевицы,Сыктывдинский район,Республика Коми,Komi-Zyrian,Upper Ezhva
Ивановка,221,59.2899135,49.6442253,деревня,Палевицы,Сыктывдинский район,Республика Коми,Komi-Zyrian,Luza-Letka
Ивановская,53,62.1094494,52.4893975,деревня,Большелуг,Корткеросский район,Республика Коми,Komi-Zyrian,Upper Ezhva
Ижма,3753,65.0086914,53.908282,село,Ижма,Ижемский район,Республика Коми,Komi-Zyrian,Iźva
Изваиль,38,63.0340061,54.4723322,деревня,NA,Городской округ Ухта,Республика Коми,Komi-Zyrian,NA
Изъюр,6,63.4198467,53.9978261,посёлок,NA,Городской округ Ухта,Республика Коми,Komi-Zyrian,Iźva
Изъяю,1323,65.1074514,56.9915761,пгт,Кожва,Печора,Республика Коми,Komi-Zyrian,Iźva
Илья-Шор,480,62.2187283,49.7852137,посёлок,Илья-Шор,Усть-Вымский район,Республика Коми,Komi-Zyrian,NA
Индига,NA,67.658341,49.0174132,NA,NA,NA,NA,Komi-Zyrian,NA
Инта,32080,66.0397515,60.1315804,город,NA,Городской округ Инта,Республика Коми,Komi-Zyrian,NA
Иоссер,217,62.9972065,52.1863924,посёлок,Иоссер,Княжпогостский район,Республика Коми,Komi-Zyrian,NA
Ипа,8,62.1347844,50.2234253,деревня,Кожмудор,Усть-Вымский район,Республика Коми,Komi-Zyrian,Lower Ezhva
Ипатово,49,61.8563355,50.049387,деревня,Слудка,Сыктывдинский район,Республика Коми,Komi-Zyrian,Lower Ezhva
Ираёль,750,64.4107233,55.1943729,посёлок,Сосногорск,Сосногорск,Республика Коми,Komi-Zyrian,NA
Исанево,132,60.9977498,50.342228,посёлок,Заозерье,Сысольский район,Республика Коми,Komi-Zyrian,Middle Sysola
Каджером,1831,64.6946435,55.9265872,посёлок,Каджером,Печора,Республика Коми,Komi-Zyrian,NA
Казлук,600,62.1059506,49.3347087,посёлок,Межег,Усть-Вымский район,Республика Коми,Komi-Zyrian,Lower Ezhva
Казым,NA,63.7037644,67.2382353,NA,NA,Белоярский район,Ханты-Мансийский автономный округ – Югра,Komi-Zyrian,NA
Каменка,NA,67.489744,51.8880311,NA,NA,NA,NA,Komi-Zyrian,NA
Камсамас,11,62.1462368,49.851568,деревня,Гам,Усть-Вымский район,Республика Коми,Komi-Zyrian,Lower Ezhva
Канава,27,61.1181298,55.0368844,деревня,Югыдъяг,Усть-Куломский район,Республика Коми,Komi-Zyrian,Upper Ezhva
Каневка,NA,67.1281071,39.6696852,NA,NA,Ловозерский район,Мурманская область,Komi-Zyrian,Iźva
Карвуджем,4,60.5780739,50.7850669,деревня,Грива,Койгородский район,Республика Коми,Komi-Zyrian,NA
Картаёль,335,64.5270083,53.3245983,деревня,Том,Ижемский район,Республика Коми,Komi-Zyrian,Iźva
Катравож,NA,66.3239306,66.0778465,NA,NA,Приуральский район,NA,Komi-Zyrian,NA
Катыдпом,15,62.7871545,50.7057378,деревня,Палауз,Сысольский район,Республика Коми,Komi-Zyrian,Vym
Кебанъёль,1684,61.7192847,53.7114062,посёлок,Кебанъёль,Усть-Куломский район,Республика Коми,Komi-Zyrian,Upper Ezhva
Кедвавом,228,64.2262578,53.5662017,село,NA,Городской округ Ухта,Республика Коми,Komi-Zyrian,Iźva
Кедровый Шор,223,64.8890255,57.6167383,посёлок,Озёрный,Печора,Республика Коми,Komi-Zyrian,Pechora
Кекур,378,61.9675752,54.3784596,деревня,Пожег,Усть-Куломский район,Республика Коми,Komi-Zyrian,Upper Ezhva
Кельчиюр,399,65.2761941,52.9883937,село,Кельчиюр,Ижемский район,Республика Коми,Komi-Zyrian,Iźva
Керес,319,61.8698735,52.6618993,село,Керес,Корткеросский район,Республика Коми,Komi-Zyrian,Upper Ezhva
Керес,319,62.7159609,50.9121086,село,Керес,Корткеросский район,Республика Коми,Komi-Zyrian,Vym
Керки,689,63.7324896,54.2032926,посёлок,Сосногорск,Сосногорск,Республика Коми,Komi-Zyrian,Iźva
Керчомъя,1043,61.4723127,53.9200777,село,Керчомъя,Усть-Куломский район,Республика Коми,Komi-Zyrian,Upper Ezhva
Кипиево,773,65.6612198,54.5135084,село,Кипиево,Ижемский район,Республика Коми,Komi-Zyrian,Iźva
Климовск,12,61.2857182,53.6475272,деревня,Зимстан,Усть-Куломский район,Республика Коми,Komi-Zyrian,Upper Ezhva
Княжпогост,114,62.602406,50.8515368,село,Емва,Княжпогостский район,Республика Коми,Komi-Zyrian,Vym
Кобра,NA,60.0417729,50.7922452,NA,NA,NA,Республика Коми,Komi-Zyrian,Upper Sysola
Кодач,13,63.1654742,55.8655978,деревня,Митрофан-Дикост,Троицко-Печорский район,Республика Коми,Komi-Zyrian,Pechora
Кожва,3047,65.1054024,57.0504324,пгт,Кожва,Печора,Республика Коми,Komi-Zyrian,Iźva
Кожмудор,267,62.1423639,50.2748651,село,Кожмудор,Усть-Вымский район,Республика Коми,Komi-Zyrian,Lower Ezhva
Кожым,10,65.7354798,59.5239389,пгт,NA,Городской округ Инта,Республика Коми,Komi-Zyrian,NA
Кожымвом,1,65.7941907,59.3178396,деревня,NA,Городской округ Инта,Республика Коми,Komi-Zyrian,NA
Коздинга,NA,63.698009,47.6556036,NA,NA,Удорский район,Республика Коми,Komi-Zyrian,Udora
Козловка,10,62.7768223,50.7037351,деревня,Шошка,Княжпогостский район,Республика Коми,Komi-Zyrian,Vym
Койгородок,2940,60.4408233,51.0048762,село,Койгородок,Койгородский район,Республика Коми,Komi-Zyrian,Upper Sysola
Койтыбож,103,61.8620633,50.7309267,деревня,Зеленец,Сыктывдинский район,Республика Коми,Komi-Zyrian,Lower Ezhva
Койю,319,64.3495144,53.6571893,посёлок,Том,Ижемский район,Республика Коми,Komi-Zyrian,Iźva
Коквицы,79,62.1464673,50.3806937,деревня,Кожмудор,Усть-Вымский район,Республика Коми,Komi-Zyrian,Lower Ezhva
Колва,346,65.9665512,57.3614862,село,NA,Городской округ Усинск,Республика Коми,Komi-Zyrian,Iźva
Ком,46,60.2659822,51.1746572,посёлок,Ком,Койгородский район,Республика Коми,Komi-Zyrian,NA
Комаю,0,65.7845038,59.4786664,посёлок,NA,Городской округ Инта,Республика Коми,Komi-Zyrian,NA
Комсомольск-на-Печоре,933,62.1357974,56.6030949,посёлок,Комсомольск-на-Печоре,Троицко-Печорский район,Республика Коми,Komi-Zyrian,Pechora
Комсомольский,1047,67.5536938,63.7759542,пгт,NA,Городской округ Воркута,Республика Коми,Komi-Zyrian,NA
Конашъёль,71,63.4075691,55.7909617,посёлок,Нижний Одес,Сосногорск,Республика Коми,Komi-Zyrian,Pechora
Конец-Озерье,4,62.1821887,50.2509259,деревня,Усть-Вымь,Усть-Вымский район,Республика Коми,Komi-Zyrian,Lower Ezhva
Конецбор,191,64.8459136,57.7306301,деревня,Озёрный,Печора,Республика Коми,Komi-Zyrian,Pechora
Константиновка,90,65.0818291,53.937399,деревня,Ижма,Ижемский район,Республика Коми,Komi-Zyrian,Iźva
Конша,27,61.4250322,51.7414661,деревня,Мордино,Корткеросский район,Республика Коми,Komi-Zyrian,Upper Ezhva
Копса,0,61.1824373,49.638707,посёлок,Куниб,Сысольский район,Республика Коми,Komi-Zyrian,Middle Sysola
Коптюга,29,64.2264454,46.4320987,деревня,Чупрово,Удорский район,Республика Коми,Komi-Zyrian,Udora
Коровий Ручей,287,65.4229043,52.2419774,село,Коровий Ручей,Усть-Цилемский район,Республика Коми,Komi-Zyrian,NA
Корткерос,4624,61.815787,51.5651835,село,Корткерос,Корткеросский район,Республика Коми,Komi-Zyrian,Upper Ezhva
Кортувья,NA,63.5596634,47.8120258,NA,NA,Удорский район,Республика Коми,Komi-Zyrian,Udora
Кослан,2288,63.4562275,48.8942091,село,Кослан,Удорский район,Республика Коми,Komi-Zyrian,Udora
Косью,153,65.6127792,58.966122,посёлок,Путеец,Печора,Республика Коми,Komi-Zyrian,NA
Косьювом,176,66.2823142,59.885022,село,NA,Городской округ Инта,Республика Коми,Komi-Zyrian,Iźva
Коткино,NA,67.0313586,51.1383712,NA,NA,Заполярный район,Ненецкий автономный округ,Komi-Zyrian,Iźva
Кошки,10,62.3769928,50.7041566,деревня,Серёгово,Княжпогостский район,Республика Коми,Komi-Zyrian,Vym
Красная,156,62.0198944,50.8079081,деревня,Часово,Сыктывдинский район,Республика Коми,Komi-Zyrian,NA
Краснобор,625,65.2946616,53.2854957,село,Краснобор,Ижемский район,Республика Коми,Komi-Zyrian,Iźva
Красное,NA,67.8389999,53.6006515,NA,NA,NA,NA,Komi-Zyrian,NA
Краснозатонский,8603,61.6797066,50.9841135,пгт,NA,Городской округ Сыктывкар,Республика Коми,Komi-Zyrian,Prisyktyvkar
Краснощелье,NA,67.3503731,37.0405997,NA,NA,Ловозерский район,Мурманская область,Komi-Zyrian,NA
Красный Яг,313,65.0863444,57.2912883,посёлок,Озёрный,Печора,Республика Коми,Komi-Zyrian,Iźva
Крестовка,46,66.3626501,52.4989076,деревня,Окунев Нос,Усть-Цилемский район,Республика Коми,Komi-Zyrian,NA
Кривое,109,63.9659997,47.1141093,деревня,Важгорт,Удорский район,Республика Коми,Komi-Zyrian,Udora
Кривушево,0,63.4886614,49.9062376,деревня,Глотово,Удорский район,Республика Коми,Komi-Zyrian,Udora
Крутоборка,0,61.3982064,52.8705106,посёлок,Крутоборка,Усть-Куломский район,Республика Коми,Komi-Zyrian,Upper Ezhva
Кужба,277,61.7547923,53.7128905,село,Кужба,Усть-Куломский район,Республика Коми,Komi-Zyrian,Upper Ezhva
Кулига,29,60.6858685,49.0113422,деревня,Слудка,Прилузский район,Республика Коми,Komi-Zyrian,Luza-Letka
Куратово,NA,60.8902513,49.7608006,NA,NA,Сысольский район,Республика Коми,Komi-Zyrian,Middle Sysola
Куръя,73,61.6850252,57.2461643,село,Куръя,Троицко-Печорский район,Республика Коми,Komi-Zyrian,Pechora
Куръядор,13,61.8309104,51.4393105,деревня,Маджа,Корткеросский район,Республика Коми,Komi-Zyrian,Upper Ezhva
Кучмозерье,35,63.5282925,49.5727841,деревня,Глотово,Удорский район,Республика Коми,Komi-Zyrian,Udora
Кушшор,29,66.1683269,56.5722017,деревня,NA,Городской округ Усинск,Республика Коми,Komi-Zyrian,Iźva
Кылтово,42,62.3337203,50.9839098,посёлок,Емва,Княжпогостский район,Республика Коми,Komi-Zyrian,Vym
Кыркещ,10,62.7039058,50.9155425,деревня,Емва,Княжпогостский район,Республика Коми,Komi-Zyrian,Vym
Кырныша,137,62.1107805,54.2554215,деревня,Помоздино,Усть-Куломский район,Республика Коми,Komi-Zyrian,Upper Ezhva
Кырс,12,62.194925,50.0829991,деревня,Кожмудор,Усть-Вымский район,Республика Коми,Komi-Zyrian,Lower Ezhva
Кырта,66,64.0526444,57.6893351,посёлок,Подчерье,Вуктыл,Республика Коми,Komi-Zyrian,Pechora
Кырув,46,62.1235703,49.7311345,деревня,Вотча,Сысольский район,Республика Коми,Komi-Zyrian,Lower Ezhva
Кэмдин,302,63.1776762,54.4418574,посёлок,NA,Городской округ Ухта,Республика Коми,Komi-Zyrian,NA
Кэччойяг,48,61.9535752,50.6423498,посёлок,Часово,Сыктывдинский район,Республика Коми,Komi-Zyrian,Lower Ezhva
Лаборем,93,61.8723247,52.6242732,деревня,Керес,Корткеросский район,Республика Коми,Komi-Zyrian,Upper Ezhva
Лазурный,16,65.6344561,59.0488917,посёлок,NA,Городской округ Инта,Республика Коми,Komi-Zyrian,NA
Лайково,86,63.0891329,54.4677585,деревня,NA,Городской округ Ухта,Республика Коми,Komi-Zyrian,NA
Ласта,286,64.9263047,53.8100576,деревня,Ижма,Ижемский район,Республика Коми,Komi-Zyrian,Iźva
Латьюга,36,64.2911815,48.8023219,деревня,Большая Пысса,Удорский район,Республика Коми,Komi-Zyrian,Udora
Лебяжск,125,61.5672768,54.5526089,деревня,Парч,Усть-Куломский район,Республика Коми,Komi-Zyrian,Upper Ezhva
Лёвкинская,13,64.7711023,51.0799055,деревня,Замежная,Усть-Цилемский район,Республика Коми,Komi-Zyrian,NA
Лёждуг,39,67.0002174,52.3488741,деревня,Ёрмица,Усть-Цилемский район,Республика Коми,Komi-Zyrian,NA
Лемты,221,63.8708763,56.8377445,посёлок,Дутово,Вуктыл,Республика Коми,Komi-Zyrian,Pechora
Лемтыбож,228,63.8588839,56.9422523,посёлок,Лемтыбож,Вуктыл,Республика Коми,Komi-Zyrian,Pechora
Летка,2679,59.5965748,49.4158942,село,Летка,Прилузский район,Республика Коми,Komi-Zyrian,Luza-Letka
Ловозеро,NA,68.0058828,35.0172148,NA,NA,Ловозерский район,Мурманская область,Komi-Zyrian,Iźva
Логинъяг,267,61.2995397,53.9491766,посёлок,Зимстан,Усть-Куломский район,Республика Коми,Komi-Zyrian,Upper Ezhva
Лойма,237,60.5391763,48.7877076,село,Лойма,Прилузский район,Республика Коми,Komi-Zyrian,Luza-Letka
Лопъювад,362,61.7456471,55.1907671,посёлок,Тимшер,Усть-Куломский район,Республика Коми,Komi-Zyrian,Upper Ezhva
Лопыдино,87,61.1382156,52.1360716,деревня,Намск,Корткеросский район,Республика Коми,Komi-Zyrian,Upper Ezhva
Луг,20,62.7880668,50.6183227,деревня,Туръя,Княжпогостский район,Республика Коми,Komi-Zyrian,Vym
Луговой,488,65.1641968,57.1067607,посёлок,Путеец,Печора,Республика Коми,Komi-Zyrian,Iźva
Лунпока,0,61.7889127,53.0071144,деревня,Руч,Усть-Куломский район,Республика Коми,Komi-Zyrian,Upper Ezhva
Лунь,13,62.2350561,52.4952991,деревня,Богородск,Корткеросский район,Республика Коми,Komi-Zyrian,Upper Ezhva
Лыаёль,382,63.5569195,53.9066162,посёлок,Сосногорск,Сосногорск,Республика Коми,Komi-Zyrian,Iźva
Лыаты,93,62.1194174,50.1900186,деревня,Кожмудор,Усть-Вымский район,Республика Коми,Komi-Zyrian,Lower Ezhva
Лэзым,413,61.4448401,50.5781517,село,Лэзым,Сыктывдинский район,Республика Коми,Komi-Zyrian,NA
Ляли,258,62.2877544,50.6804318,посёлок,Серёгово,Княжпогостский район,Республика Коми,Komi-Zyrian,Vym
Маджа,331,61.8513024,51.4675672,село,Маджа,Корткеросский район,Республика Коми,Komi-Zyrian,Upper Ezhva
Мадмас,793,62.0259838,49.3227317,посёлок,Мадмас,Усть-Вымский район,Республика Коми,Komi-Zyrian,Lower Ezhva
Макар-Ыб,51,63.6367956,49.4543863,деревня,Глотово,Удорский район,Республика Коми,Komi-Zyrian,Udora
Малая Кужба,164,61.7677002,53.6759693,деревня,Кужба,Усть-Куломский район,Республика Коми,Komi-Zyrian,Upper Ezhva
Малая Пера,469,64.180857,54.8406551,посёлок,Сосногорск,Сосногорск,Республика Коми,Komi-Zyrian,NA
Мале,46,61.9989643,54.3399922,деревня,Пожег,Усть-Куломский район,Республика Коми,Komi-Zyrian,Upper Ezhva
Малое Галово,NA,65.2861944,52.9365213,NA,NA,Ижемский район,Республика Коми,Komi-Zyrian,Iźva
Малый Аныб,4,61.8344953,53.0443976,деревня,Аныб,Усть-Куломский район,Республика Коми,Komi-Zyrian,Upper Ezhva
Мамыль,15,61.9725845,56.8272599,деревня,Знаменка,Троицко-Печорский район,Республика Коми,Komi-Zyrian,Pechora
Мандач,212,61.693145,50.185386,посёлок,Мандач,Сыктывдинский район,Республика Коми,Komi-Zyrian,Lower Ezhva
Мартиты,33,61.6722489,51.8279706,посёлок,Усть-Лэкчим,Корткеросский район,Республика Коми,Komi-Zyrian,Upper Ezhva
Медвежка,196,66.4601135,52.3577836,посёлок,Новый Бор,Усть-Цилемский район,Республика Коми,Komi-Zyrian,NA
Медвежская,79,64.9424422,57.5812654,деревня,Озёрный,Печора,Республика Коми,Komi-Zyrian,Pechora
Межадор,65,61.1532597,50.3367416,село,Межадор,Сысольский район,Республика Коми,Komi-Zyrian,Middle Sysola
Междуреченск,1418,63.2182352,48.5627304,пгт,пгт Междуреченск,Удорский район,Республика Коми,Komi-Zyrian,NA
Межег,164,62.0657072,49.4047259,село,Межег,Усть-Вымский район,Республика Коми,Komi-Zyrian,Lower Ezhva
Мелентьево,37,63.9170865,48.5668944,деревня,Чернутьево,Удорский район,Республика Коми,Komi-Zyrian,Udora
Мескашор,54,66.6149056,62.5250948,посёлок,NA,Городской округ Воркута,Республика Коми,Komi-Zyrian,Iźva
Мещура,297,63.3389537,50.9168794,посёлок,Мещура,Княжпогостский район,Республика Коми,Komi-Zyrian,NA
Микунь,10730,62.3582392,50.0821802,город,Микунь,Усть-Вымский район,Республика Коми,Komi-Zyrian,NA
Мирный,59,63.19114,55.823164,посёлок,Митрофан-Дикост,Троицко-Печорский район,Республика Коми,Komi-Zyrian,Pechora
Митрофан-Дикост,351,63.1860645,56.1314183,посёлок,Митрофан-Дикост,Троицко-Печорский район,Республика Коми,Komi-Zyrian,Pechora
Митрофаново,6,63.1875341,56.0384664,деревня,Митрофан-Дикост,Троицко-Печорский район,Республика Коми,Komi-Zyrian,Pechora
Мичаёль,0,66.1062219,57.3810045,посёлок,NA,Городской округ Усинск,Республика Коми,Komi-Zyrian,Iźva
Миша-Яг,734,65.2115305,57.3874436,посёлок,Путеец,Печора,Республика Коми,Komi-Zyrian,Iźva
Мишаково,23,60.6414514,49.3184829,деревня,Занулье,Прилузский район,Республика Коми,Komi-Zyrian,Luza-Letka
Мишкин-Ёль,15,62.6181331,56.8350814,посёлок,Усть-Илыч,Троицко-Печорский район,Республика Коми,Komi-Zyrian,Pechora
Модлапов,197,62.1815899,54.1989444,деревня,Помоздино,Усть-Куломский район,Республика Коми,Komi-Zyrian,Upper Ezhva
Мозындор,918,62.9347633,49.1825981,посёлок,Вожский,Удорский район,Республика Коми,Komi-Zyrian,NA
Мордино,1095,61.3520662,51.8955262,село,Мордино,Корткеросский район,Республика Коми,Komi-Zyrian,Upper Ezhva
Морово,9,61.4995741,50.6081838,деревня,Лэзым,Сыктывдинский район,Республика Коми,Komi-Zyrian,Prisyktyvkar
Мохча,1046,65.0062869,53.8330957,село,Мохча,Ижемский район,Республика Коми,Komi-Zyrian,Iźva
Мошъюга,342,64.8564597,53.750358,деревня,Мохча,Ижемский район,Республика Коми,Komi-Zyrian,Iźva
Мужи,NA,65.400004,64.7018584,NA,NA,Шурышкарский район,Ямало-Ненецкий автономный округ,Komi-Zyrian,Iźva
Мульда,0,67.4822125,63.6709839,пгт,NA,Городской округ Воркута,Республика Коми,Komi-Zyrian,NA
Мурманск,NA,68.9706637,33.0749718,NA,NA,город Мурманск,Мурманская область,Komi-Zyrian,NA
Мутный Материк,977,65.9565066,55.1533636,село,NA,Городской округ Усинск,Республика Коми,Komi-Zyrian,Iźva
Муфтюга,99,64.1531975,46.7427404,деревня,Чупрово,Удорский район,Республика Коми,Komi-Zyrian,Udora
Мучкас,21,64.0196089,48.5157977,деревня,Чернутьево,Удорский район,Республика Коми,Komi-Zyrian,Udora
Мыёлдино,460,61.7673014,54.896512,село,Мыёлдино,Усть-Куломский район,Республика Коми,Komi-Zyrian,Upper Ezhva
Мыза,36,65.6988918,52.1468948,деревня,Уег,Усть-Цилемский район,Республика Коми,Komi-Zyrian,NA
Мыла,97,65.4253683,50.8808137,деревня,Трусово,Усть-Цилемский район,Республика Коми,Komi-Zyrian,NA
Мылва,604,62.6845471,56.2019001,посёлок,Мылва,Троицко-Печорский район,Республика Коми,Komi-Zyrian,Pechora
Мырпонаыб,2,60.5620922,51.039645,деревня,Ужга,Койгородский район,Республика Коми,Komi-Zyrian,Upper Sysola
Набережный,403,65.1299213,57.0368768,посёлок,Кожва,Печора,Республика Коми,Komi-Zyrian,Iźva
Наволок,27,61.8935776,52.6625014,деревня,Подъельск,Корткеросский район,Республика Коми,Komi-Zyrian,Upper Ezhva
Назар,29,62.1294953,50.2110953,деревня,Кожмудор,Усть-Вымский район,Республика Коми,Komi-Zyrian,Lower Ezhva
Намск,419,61.1829142,52.0993507,посёлок,Намск,Корткеросский район,Республика Коми,Komi-Zyrian,Upper Ezhva
Нарьян-Мар,NA,67.6379965,53.0068636,NA,NA,город Нарян-Мар,Ненецкий автономный округ,Komi-Zyrian,Iźva
Нёбдино,456,61.9140788,52.1422916,село,Нёбдино,Корткеросский район,Республика Коми,Komi-Zyrian,Upper Ezhva
Нельмин-Нос,NA,67.9837755,52.9590482,NA,NA,Заполярный район,Ненецкий автономный округ,Komi-Zyrian,NA
Нерица,217,65.3038184,52.6918507,село,Нерица,Усть-Цилемский район,Республика Коми,Komi-Zyrian,NA
Несь,NA,66.6008745,44.6787398,NA,NA,Заполярный район,Ненецкий автономный округ,Komi-Zyrian,Iźva
Нившера,1318,62.3586391,52.9203817,село,Нившера,Корткеросский район,Республика Коми,Komi-Zyrian,Upper Ezhva
Нижние Коквицы,21,62.1588561,50.3488934,деревня,Кожмудор,Усть-Вымский район,Республика Коми,Komi-Zyrian,Lower Ezhva
Нижний Выльыб,10,63.5707766,48.7159355,деревня,пгт Усогорск,Удорский район,Республика Коми,Komi-Zyrian,Udora
Нижний Одес,9680,63.643744,54.8554751,пгт,Нижний Одес,Сосногорск,Республика Коми,Komi-Zyrian,NA
Нижний Ярашъю,209,62.0733909,54.2916701,посёлок,Пожег,Усть-Куломский район,Республика Коми,Komi-Zyrian,Upper Ezhva
Нижняя Омра,791,62.7559891,55.8254985,посёлок,Нижняя Омра,Троицко-Печорский район,Республика Коми,Komi-Zyrian,NA
Нижняя Пёша,NA,66.7521112,47.7605132,NA,NA,Заполярный район,Ненецкий автономный округ,Komi-Zyrian,NA
Никита,0,67.0430679,63.8004402,деревня,NA,Городской округ Воркута,Республика Коми,Komi-Zyrian,NA
Новик,18,61.8940475,52.7195454,деревня,Подъельск,Корткеросский район,Республика Коми,Komi-Zyrian,Upper Ezhva
Новикбож,434,66.0283186,56.8822595,деревня,NA,Городской округ Усинск,Республика Коми,Komi-Zyrian,Iźva
Новый Бор,722,66.7218252,52.3102401,посёлок,Новый Бор,Усть-Цилемский район,Республика Коми,Komi-Zyrian,NA
Нонбург,89,65.5624352,50.6242418,деревня,Трусово,Усть-Цилемский район,Республика Коми,Komi-Zyrian,NA
Носим,262,61.707215,53.6297894,село,Носим,Усть-Куломский район,Республика Коми,Komi-Zyrian,Upper Ezhva
Ношуль,1119,60.1492473,49.4925223,село,Ношуль,Прилузский район,Республика Коми,Komi-Zyrian,Luza-Letka
Нювчим,511,61.3970302,50.738669,посёлок,Нювчим,Сыктывдинский район,Республика Коми,Komi-Zyrian,Prisyktyvkar
Нюмыд,0,61.1721297,52.8561683,посёлок,Крутоборка,Усть-Куломский район,Республика Коми,Komi-Zyrian,Upper Ezhva
Нючпас,192,60.6798195,51.4800472,посёлок,Нючпас,Койгородский район,Республика Коми,Komi-Zyrian,NA
Няксимволь,NA,62.4308606,60.8825271,NA,NA,Берёзовский район,Ханты-Мансийский автономный округ – Югра,Komi-Zyrian,NA
Няшабож,614,65.4647,53.8474549,село,Няшабож,Ижемский район,Республика Коми,Komi-Zyrian,Iźva
Объячево,5699,60.3345693,49.6197009,село,Объячево,Прилузский район,Республика Коми,Komi-Zyrian,Luza-Letka
Овгорт,NA,64.8272896,63.9761754,NA,NA,Шурышкарский район,Ямало-Ненецкий автономный округ,Komi-Zyrian,Iźva
Одесдино,NA,63.404219,54.364729,NA,NA,NA,NA,Komi-Zyrian,NA
Озёрный,682,65.0894525,57.1628902,посёлок,Озёрный,Печора,Республика Коми,Komi-Zyrian,Iźva
Озъяг,496,61.8208154,53.443561,посёлок,Кужба,Усть-Куломский район,Республика Коми,Komi-Zyrian,Upper Ezhva
Озынпом,24,60.97498,50.2503027,деревня,Пыёлдино,Сысольский район,Республика Коми,Komi-Zyrian,Middle Sysola
Оквад,43,62.2040501,50.2597695,деревня,Усть-Вымь,Усть-Вымский район,Республика Коми,Komi-Zyrian,Lower Ezhva
Оксино,NA,67.5909486,52.1878292,NA,NA,Заполярный район,Ненецкий автономный округ,Komi-Zyrian,NA
Октябрьский,0,67.5706601,64.1219221,пгт,NA,Городской округ Воркута,Республика Коми,Komi-Zyrian,NA
Окунев Нос,567,66.2521842,52.5659199,село,Окунев Нос,Усть-Цилемский район,Республика Коми,Komi-Zyrian,NA
Онежье,60,62.7664587,50.6929677,деревня,Шошка,Княжпогостский район,Республика Коми,Komi-Zyrian,Vym
Оньмесь,126,59.9301397,48.8477736,деревня,Верхолузье,Прилузский район,Республика Коми,Komi-Zyrian,Luza-Letka
Пажга,1362,61.3954778,50.5792812,село,Пажга,Сыктывдинский район,Республика Коми,Komi-Zyrian,Middle Sysola
Палауз,159,60.7109534,50.2754901,село,Палауз,Сысольский район,Республика Коми,Komi-Zyrian,Middle Sysola
Палевицы,612,61.9939087,50.3670933,село,Палевицы,Сыктывдинский район,Республика Коми,Komi-Zyrian,Lower Ezhva
Палью,190,62.511803,56.8721666,посёлок,Усть-Илыч,Троицко-Печорский район,Республика Коми,Komi-Zyrian,Pechora
Паркерос,0,61.9292118,52.1625669,деревня,Нёбдино,Корткеросский район,Республика Коми,Komi-Zyrian,Upper Ezhva
Парма,6,61.7694009,54.0089761,деревня,Усть-Кулом,Усть-Куломский район,Республика Коми,Komi-Zyrian,Upper Ezhva
Парма,6,65.9482569,57.4538516,деревня,Усть-Кулом,Усть-Куломский район,Республика Коми,Komi-Zyrian,Iźva
Парч,136,61.6082904,54.7010031,село,Парч,Усть-Куломский район,Республика Коми,Komi-Zyrian,Upper Ezhva
Парчег,211,61.9337967,50.7715,деревня,Зеленец,Сыктывдинский район,Республика Коми,Komi-Zyrian,Lower Ezhva
Парчим,29,61.3832164,50.5948178,деревня,Пажга,Сыктывдинский район,Республика Коми,Komi-Zyrian,Middle Sysola
Пасвомын,4,62.2472027,52.6274619,деревня,Богородск,Корткеросский район,Республика Коми,Komi-Zyrian,Upper Ezhva
Пасма,0,63.9395418,47.1266406,деревня,Важгорт,Удорский район,Республика Коми,Komi-Zyrian,Udora
Паспом,346,61.6782492,53.6077666,посёлок,Носим,Усть-Куломский район,Республика Коми,Komi-Zyrian,Upper Ezhva
Пачгино,26,61.7645093,57.5290008,деревня,Куръя,Троицко-Печорский район,Республика Коми,Komi-Zyrian,Pechora
Певъю,2,62.4346942,49.8908952,посёлок,Вежайка,Усть-Вымский район,Республика Коми,Komi-Zyrian,NA
Пезмег,318,61.8247567,51.7135048,село,Пезмег,Корткеросский район,Республика Коми,Komi-Zyrian,Upper Ezhva
Первомайский,932,61.1173289,50.2758823,посёлок,Куниб,Сысольский район,Республика Коми,Komi-Zyrian,Middle Sysola
Первомайский,932,63.4026132,53.5738377,посёлок,Куниб,Сысольский район,Республика Коми,Komi-Zyrian,Iźva
Песчанка,55,65.2617305,57.0330844,деревня,Кожва,Печора,Республика Коми,Komi-Zyrian,Iźva
Петрун,NA,66.4729886,60.7399565,NA,NA,городской округ Инта,Республика Коми,Komi-Zyrian,Iźva
Печенга,NA,69.5517994,31.1996735,NA,NA,Печенгский,Мурманская область,Komi-Zyrian,NA
Печора,43105,65.1155035,57.1616254,город,Печора,Печора,Республика Коми,Komi-Zyrian,Iźva
Пиль-Егор,96,65.4291515,53.5937376,деревня,Няшабож,Ижемский район,Республика Коми,Komi-Zyrian,Iźva
Подзь,872,60.6693619,50.354538,посёлок,Подзь,Койгородский район,Республика Коми,Komi-Zyrian,Middle Sysola
Подтыбок,1124,61.9062488,52.885275,посёлок,Подтыбок,Корткеросский район,Республика Коми,Komi-Zyrian,Upper Ezhva
Подчерье,710,63.9396178,57.5606392,село,Подчерье,Вуктыл,Республика Коми,Komi-Zyrian,Pechora
Подъельск,585,61.9191455,52.6929683,село,Подъельск,Корткеросский район,Республика Коми,Komi-Zyrian,Upper Ezhva
Пожег,424,61.9812316,54.330793,село,Пожег,Усть-Куломский район,Республика Коми,Komi-Zyrian,Upper Ezhva
Пожегдин,352,62.0074913,54.3290992,деревня,Пожег,Усть-Куломский район,Республика Коми,Komi-Zyrian,Upper Ezhva
Пожня,352,63.5593732,54.000667,деревня,Сосногорск,Сосногорск,Республика Коми,Komi-Zyrian,Iźva
Позтыкерес,176,61.5689711,51.5513232,село,Позтыкерес,Корткеросский район,Республика Коми,Komi-Zyrian,Upper Ezhva
Позялэм,36,61.974648,50.1637672,посёлок,Слудка,Сыктывдинский район,Республика Коми,Komi-Zyrian,Lower Ezhva
Покча,312,62.9448863,56.1207293,село,Покча,Троицко-Печорский район,Республика Коми,Komi-Zyrian,Pechora
Политовка,1,62.3806648,50.7120795,деревня,Серёгово,Княжпогостский район,Республика Коми,Komi-Zyrian,Vym
Политово,NA,64.0846876,48.8616121,NA,NA,Удорский район,Республика Коми,Komi-Zyrian,Udora
Половники,2,62.4849376,50.797883,деревня,Емва,Княжпогостский район,Республика Коми,Komi-Zyrian,Vym
Поляна,726,63.5454281,54.0750957,посёлок,Сосногорск,Сосногорск,Республика Коми,Komi-Zyrian,Iźva
Помоздино,1390,62.1939074,54.1826391,село,Помоздино,Усть-Куломский район,Республика Коми,Komi-Zyrian,Upper Ezhva
Порожск,101,63.9176062,53.7469086,деревня,Сосногорск,Сосногорск,Республика Коми,Komi-Zyrian,Iźva
Поромес,104,64.1699857,53.5626148,деревня,NA,Городской округ Ухта,Республика Коми,Komi-Zyrian,Iźva
Поромшор,17,59.6760104,49.4160742,деревня,Летка,Прилузский район,Республика Коми,Komi-Zyrian,Luza-Letka
Поруб,37,60.7377462,48.9801433,деревня,Спаспоруб,Прилузский район,Республика Коми,Komi-Zyrian,Luza-Letka
Поруб-Кеповская,64,60.7645146,48.9904844,деревня,Спаспоруб,Прилузский район,Республика Коми,Komi-Zyrian,NA
Праскан,44,66.3147638,56.1040574,деревня,NA,Городской округ Усинск,Республика Коми,Komi-Zyrian,Iźva
Приполярный,0,66.452067,57.155373,посёлок,NA,Городской округ Усинск,Республика Коми,Komi-Zyrian,NA
Приуральский,450,62.6244727,57.4657764,посёлок,Приуральский,Троицко-Печорский район,Республика Коми,Komi-Zyrian,Pechora
Приуральское,318,64.7345511,57.8723199,село,Приуральское,Печора,Республика Коми,Komi-Zyrian,Pechora
Причал,81,64.5658009,56.3144805,посёлок,Каджером,Печора,Республика Коми,Komi-Zyrian,NA
Прокопьевка,6,59.280832,49.6773591,деревня,Куратово,Сысольский район,Республика Коми,Komi-Zyrian,Luza-Letka
Прокопьевка,6,61.8940792,50.1545845,деревня,Куратово,Сысольский район,Республика Коми,Komi-Zyrian,Lower Ezhva
Промышленный,0,67.6069945,63.9157209,пгт,NA,Городской округ Воркута,Республика Коми,Komi-Zyrian,NA
Пузла,317,62.4288303,54.6554231,деревня,Вольдино,Усть-Куломский район,Республика Коми,Komi-Zyrian,Upper Ezhva
Пустыня,NA,64.5081118,48.4945638,NA,NA,Ижемский район,Республика Коми,Komi-Zyrian,NA
Путеец,1116,65.1710387,57.079736,пгт,Путеец,Печора,Республика Коми,Komi-Zyrian,Iźva
Пычим,15,61.9656565,50.3695259,посёлок,Палевицы,Сыктывдинский район,Республика Коми,Komi-Zyrian,Lower Ezhva
Раевсикт,61,60.9662366,50.2413334,деревня,Куратово,Сысольский район,Республика Коми,Komi-Zyrian,Middle Sysola
Разгорт,20,61.3573323,50.5659217,деревня,Пажга,Сыктывдинский район,Республика Коми,Komi-Zyrian,Middle Sysola
Разгорт,20,63.4772028,48.6970905,деревня,Пажга,Сыктывдинский район,Республика Коми,Komi-Zyrian,Udora
Раковица,11,62.6421957,50.9138426,деревня,Емва,Княжпогостский район,Республика Коми,Komi-Zyrian,Vym
Ракпас,665,62.6810661,51.1081397,посёлок,Тракт,Княжпогостский район,Республика Коми,Komi-Zyrian,NA
Речной,4,61.7189335,57.2993831,посёлок,Куръя,Троицко-Печорский район,Республика Коми,Komi-Zyrian,Pechora
Роговая,69,66.5369763,60.571385,деревня,NA,Городской округ Инта,Республика Коми,Komi-Zyrian,Iźva
Родионово,1,65.4925525,57.0561091,деревня,Кожва,Печора,Республика Коми,Komi-Zyrian,Iźva
Ропча,198,63.0350608,52.306212,посёлок,Иоссер,Княжпогостский район,Республика Коми,Komi-Zyrian,NA
Рочево,261,65.4728438,51.5595775,деревня,Трусово,Усть-Цилемский район,Республика Коми,Komi-Zyrian,NA
Русаново,262,62.9284926,56.1760354,посёлок,Покча,Троицко-Печорский район,Республика Коми,Komi-Zyrian,Pechora
Русановская,13,62.3327822,52.8726304,деревня,Нившера,Корткеросский район,Республика Коми,Komi-Zyrian,Upper Ezhva
Руч,767,61.8140622,53.1827368,село,Руч,Усть-Куломский район,Республика Коми,Komi-Zyrian,Upper Ezhva
Рыбница,151,64.5586766,55.4778251,посёлок,Каджером,Печора,Республика Коми,Komi-Zyrian,NA
Савапиян,107,61.4118351,50.5841004,деревня,Пажга,Сыктывдинский район,Республика Коми,Komi-Zyrian,Middle Sysola
Савинобор,15,63.5428927,56.4458489,деревня,Дутово,Вуктыл,Республика Коми,Komi-Zyrian,Pechora
Салехард,NA,66.5375387,66.6157469,NA,NA,город Салехард,Ямало-Ненецкий автономный округ,Komi-Zyrian,Iźva
Саранпауль,NA,64.2608627,60.9108354,NA,NA,Берёзовский район,Ханты-Мансийский автономный округ - Югра,Komi-Zyrian,Iźva
Светлый Родник,3,61.691564,57.961706,деревня,Комсомольск-на-Печоре,Троицко-Печорский район,Республика Коми,Komi-Zyrian,Pechora
Северный,9023,67.6003475,64.109086,пгт,NA,Городской округ Воркута,Республика Коми,Komi-Zyrian,NA
Седкыркещ,1999,61.7247996,50.9559551,пгт,NA,Городской округ Сыктывкар,Республика Коми,Komi-Zyrian,Prisyktyvkar
Седтыдин,1,61.8733316,54.5809748,деревня,Пожег,Усть-Куломский район,Республика Коми,Komi-Zyrian,Upper Ezhva
Седтыдор,252,60.556182,50.9919816,посёлок,Ужга,Койгородский район,Республика Коми,Komi-Zyrian,Upper Sysola
Седъю,1010,63.3960466,53.9660526,посёлок,NA,Городской округ Ухта,Республика Коми,Komi-Zyrian,Iźva
Седъюдор,61,63.3989506,50.7482028,посёлок,Мещура,Княжпогостский район,Республика Коми,Komi-Zyrian,NA
Сейда,23,67.0515132,63.0828628,посёлок,NA,Городской округ Воркута,Республика Коми,Komi-Zyrian,Iźva
Сёльыб,194,63.6914892,48.5682515,деревня,Чернутьево,Удорский район,Республика Коми,Komi-Zyrian,Udora
Семуково,97,62.1832705,50.1435632,деревня,Кожмудор,Усть-Вымский район,Республика Коми,Komi-Zyrian,Lower Ezhva
Сергеево-Щелья,174,65.5194271,52.1604987,деревня,Усть-Цильма,Усть-Цилемский район,Республика Коми,Komi-Zyrian,NA
Серёгово,483,62.3290594,50.6979915,село,Серёгово,Княжпогостский район,Республика Коми,Komi-Zyrian,Vym
Сивомаскинский,525,66.6706445,62.5711,посёлок,NA,Городской округ Воркута,Республика Коми,Komi-Zyrian,Iźva
Сизябск,1232,65.0652929,53.8575893,село,Сизябск,Ижемский район,Республика Коми,Komi-Zyrian,Iźva
Симва,10,62.8734457,51.9203176,посёлок,Синдор,Княжпогостский район,Республика Коми,Komi-Zyrian,NA
Синдор,2478,62.8661913,51.8991112,пгт,Синдор,Княжпогостский район,Республика Коми,Komi-Zyrian,NA
Синдор,2478,62.8108223,51.9852739,пгт,Синдор,Княжпогостский район,Республика Коми,Komi-Zyrian,NA
Синегорье,310,65.4489398,51.9812156,посёлок,Усть-Цильма,Усть-Цилемский район,Республика Коми,Komi-Zyrian,NA
Скаляп,20,63.0642441,55.9635467,деревня,Покча,Троицко-Печорский район,Республика Коми,Komi-Zyrian,Pechora
Скитская,152,64.9534315,51.8265748,деревня,Замежная,Усть-Цилемский район,Республика Коми,Komi-Zyrian,NA
Скородум,494,62.1427629,54.231861,деревня,Помоздино,Усть-Куломский район,Республика Коми,Komi-Zyrian,Upper Ezhva
Слудка,192,61.9527866,50.180272,село,Слудка,Прилузский район,Республика Коми,Komi-Zyrian,Lower Ezhva
Смолянка,653,61.6040412,54.8045141,посёлок,Югыдъяг,Усть-Куломский район,Республика Коми,Komi-Zyrian,Upper Ezhva
Соколово,374,65.3491795,57.0175449,село,Кожва,Печора,Республика Коми,Komi-Zyrian,Iźva
Сордйыв,124,62.1833648,54.1399384,деревня,Помоздино,Усть-Куломский район,Республика Коми,Komi-Zyrian,Upper Ezhva
Сотчемвыв,200,61.9861092,50.3129163,деревня,Палевицы,Сыктывдинский район,Республика Коми,Komi-Zyrian,Lower Ezhva
Спаспоруб,605,60.6477204,49.0448987,село,Спаспоруб,Прилузский район,Республика Коми,Komi-Zyrian,Luza-Letka
Среднее Бугаево,NA,65.99317,52.5207796,NA,NA,Усть-Цилемский район,Республика Коми,Komi-Zyrian,NA
Степановская,307,64.9735724,51.8891284,деревня,Замежная,Усть-Цилемский район,Республика Коми,Komi-Zyrian,NA
Сторожевск,1756,61.9397482,52.3145936,село,Сторожевск,Корткеросский район,Республика Коми,Komi-Zyrian,Upper Ezhva
Студенец,526,62.1635521,50.5052794,посёлок,Студенец,Усть-Вымский район,Республика Коми,Komi-Zyrian,Lower Ezhva
Сыктывкар,235006,61.6689734,50.834958,город,NA,Городской округ Сыктывкар,Республика Коми,Komi-Zyrian,Prisyktyvkar
Сыня,375,65.3708819,58.0379832,посёлок,Путеец,Печора,Республика Коми,Komi-Zyrian,NA
Сынянырд,24,65.993702,58.0810021,деревня,NA,Городской округ Усинск,Республика Коми,Komi-Zyrian,Iźva
Сюзяыб,170,62.2261369,52.4748579,деревня,Богородск,Корткеросский район,Республика Коми,Komi-Zyrian,Upper Ezhva
Сюлатуй,61,62.1442843,50.321072,деревня,Кожмудор,Усть-Вымский район,Республика Коми,Komi-Zyrian,Lower Ezhva
Талица,91,59.4513033,49.5694287,деревня,Гурьевка,Прилузский район,Республика Коми,Komi-Zyrian,Luza-Letka
Талый,340,64.6103151,55.690804,посёлок,Каджером,Печора,Республика Коми,Komi-Zyrian,NA
Тарачево,2,60.411931,49.5320249,деревня,Читаево,Прилузский район,Республика Коми,Komi-Zyrian,Luza-Letka
Тарко-Сале,NA,64.9086851,77.8030868,NA,NA,Пуровский район,Ямало-Ненецкий автономный округ,Komi-Zyrian,Iźva
Тимасикт,13,61.923952,52.1771906,деревня,Нёбдино,Корткеросский район,Республика Коми,Komi-Zyrian,Upper Ezhva
Тимушбор,83,63.1282267,55.9730056,посёлок,Митрофан-Дикост,Троицко-Печорский район,Республика Коми,Komi-Zyrian,Pechora
Тимшер,1082,61.9023869,55.1147295,посёлок,Тимшер,Усть-Куломский район,Республика Коми,Komi-Zyrian,Upper Ezhva
Тобысь,83,63.2767989,53.0722917,посёлок,NA,Городской округ Ухта,Республика Коми,Komi-Zyrian,NA
Том,740,64.4979132,53.3685276,посёлок,Том,Ижемский район,Республика Коми,Komi-Zyrian,Iźva
Тракт,764,62.6989281,51.287722,посёлок,Тракт,Княжпогостский район,Республика Коми,Komi-Zyrian,NA
Троицк,240,62.2294859,52.7213834,деревня,Богородск,Корткеросский район,Республика Коми,Komi-Zyrian,Upper Ezhva
Троицко-Печорск,7276,62.7144611,56.1853788,пгт,Троицко-Печорск,Троицко-Печорский район,Республика Коми,Komi-Zyrian,Pechora
Трофимовская,67,61.9064564,52.0983308,деревня,Нёбдино,Корткеросский район,Республика Коми,Komi-Zyrian,Upper Ezhva
Трубоседъёль,80,64.8921668,55.7403234,посёлок,Каджером,Печора,Республика Коми,Komi-Zyrian,NA
Трусово,668,65.4619632,51.3768779,село,Трусово,Усть-Цилемский район,Республика Коми,Komi-Zyrian,NA
Туискерес,208,62.1628579,50.2620757,деревня,Кожмудор,Усть-Вымский район,Республика Коми,Komi-Zyrian,Lower Ezhva
Тупицыно,15,61.9972074,50.4175043,деревня,Палевицы,Сыктывдинский район,Республика Коми,Komi-Zyrian,Lower Ezhva
Туръя,120,62.8233667,50.6431508,село,Туръя,Княжпогостский район,Республика Коми,Komi-Zyrian,Vym
Тыдор,13,62.197655,50.1602559,деревня,Айкино,Усть-Вымский район,Республика Коми,Komi-Zyrian,Lower Ezhva
Удор,24,62.5911661,50.8271065,деревня,Емва,Княжпогостский район,Республика Коми,Komi-Zyrian,Vym
Уег,190,65.7385875,52.0655704,село,Уег,Усть-Цилемский район,Республика Коми,Komi-Zyrian,NA
Ужга,158,60.5175552,51.0314053,село,Ужга,Койгородский район,Республика Коми,Komi-Zyrian,Upper Sysola
Ульяново,130,61.8235617,53.5563097,посёлок,Кужба,Усть-Куломский район,Республика Коми,Komi-Zyrian,Upper Ezhva
Уляшево,17,65.4347922,57.0299004,деревня,Кожва,Печора,Республика Коми,Komi-Zyrian,Iźva
Урнышевская,95,60.6586828,49.0785971,деревня,Спаспоруб,Прилузский район,Республика Коми,Komi-Zyrian,Luza-Letka
Уръёль,264,61.8400385,52.4990779,посёлок,Керес,Корткеросский район,Республика Коми,Komi-Zyrian,Upper Ezhva
Усадор,266,66.0261093,57.5011016,посёлок,NA,Городской округ Усинск,Республика Коми,Komi-Zyrian,Iźva
Усинск,40827,65.995731,57.5571267,город,NA,Городской округ Усинск,Республика Коми,Komi-Zyrian,Iźva
Усогорск,NA,63.4295459,48.7061827,NA,NA,Удорский район,Республика Коми,Komi-Zyrian,Udora
Усть-Вачерга,NA,63.3699627,47.8972934,NA,NA,Удорский район,Республика Коми,Komi-Zyrian,Udora
Усть-Воктым,43,60.2530587,51.0290969,посёлок,Ком,Койгородский район,Республика Коми,Komi-Zyrian,NA
Усть-Воя,20,64.4572401,57.6645486,деревня,Усть-Соплеск,Вуктыл,Республика Коми,Komi-Zyrian,Pechora
Усть-Вымь,760,62.2250383,50.3962051,село,Усть-Вымь,Усть-Вымский район,Республика Коми,Komi-Zyrian,Lower Ezhva
Усть-Ижма,529,65.3004389,52.9224919,деревня,Кельчиюр,Ижемский район,Республика Коми,Komi-Zyrian,Iźva
Усть-Илыч,415,62.5170513,56.7589718,село,Усть-Илыч,Троицко-Печорский район,Республика Коми,Komi-Zyrian,Pechora
Усть-Кара,NA,69.2508765,64.9375013,NA,NA,Заполярный район,Ненецкий автономный округ,Komi-Zyrian,Iźva
Усть-Кожва,125,65.1444503,57.0016084,деревня,Кожва,Печора,Республика Коми,Komi-Zyrian,Iźva
Усть-Кулом,5141,61.6847921,53.6898605,село,Усть-Кулом,Усть-Куломский район,Республика Коми,Komi-Zyrian,Upper Ezhva
Усть-Лыжа,345,65.6825348,56.6766714,село,NA,Городской округ Усинск,Республика Коми,Komi-Zyrian,Iźva
Усть-Лэкчим,690,61.7809649,51.703872,посёлок,Усть-Лэкчим,Корткеросский район,Республика Коми,Komi-Zyrian,Upper Ezhva
Усть-Нем,706,61.6381934,54.8896814,село,Усть-Нем,Усть-Куломский район,Республика Коми,Komi-Zyrian,Upper Ezhva
Усть-Пожег,123,61.9759682,50.2002991,посёлок,Слудка,Сыктывдинский район,Республика Коми,Komi-Zyrian,Lower Ezhva
Усть-Соплеск,151,64.3609581,57.6854194,посёлок,Усть-Соплеск,Вуктыл,Республика Коми,Komi-Zyrian,Pechora
Усть-Унья,60,61.808025,57.879058,село,Комсомольск-на-Печоре,Троицко-Печорский район,Республика Коми,Komi-Zyrian,Pechora
Усть-Уса,1028,65.9795764,56.9131379,село,NA,Городской округ Усинск,Республика Коми,Komi-Zyrian,Iźva
Усть-Ухта,1052,63.6199049,53.8819908,село,Сосногорск,Сосногорск,Республика Коми,Komi-Zyrian,Iźva
Усть-Цильма,4877,65.4386814,52.1562095,село,Усть-Цильма,Усть-Цилемский район,Республика Коми,Komi-Zyrian,NA
Устьево,26,63.5575649,47.8395785,деревня,Ёртом,Удорский район,Республика Коми,Komi-Zyrian,Udora
Ухта,99591,63.5624585,53.684243,город,NA,Городской округ Ухта,Республика Коми,Komi-Zyrian,Iźva
Филиппово,368,65.4357267,51.107226,деревня,Трусово,Усть-Цилемский район,Республика Коми,Komi-Zyrian,NA
Фроловск,25,61.2846195,53.4621116,деревня,Зимстан,Усть-Куломский район,Республика Коми,Komi-Zyrian,Upper Ezhva
Хабариха,395,65.8213293,52.3121983,село,Хабариха,Усть-Цилемский район,Республика Коми,Komi-Zyrian,NA
Ханты-Мансийск,NA,61.0034602,69.0191573,NA,NA,город Ханты-Мансийск,Ханты-Мансийский автономный округ - Югра,Komi-Zyrian,NA
Харп,NA,66.815163,65.8009163,NA,NA,Приуральский район,Ямало-Ненецкий автономный округ,Komi-Zyrian,NA
Харсаим,NA,66.6003378,67.2907895,NA,NA,Прилузский район,Ямало-Ненецкий автономный округ,Komi-Zyrian,NA
Харута,NA,66.8403782,59.5303351,NA,NA,Заполярный район,Ненецкий автономный округ,Komi-Zyrian,Iźva
Харъяга,206,66.9247509,52.1696237,посёлок,Ёрмица,Усть-Цилемский район,Республика Коми,Komi-Zyrian,NA
Хонгурей,NA,67.5548126,51.9522208,NA,NA,Заполярный район,Ненецкий автономный округ,Komi-Zyrian,NA
Хорей-Вер,NA,67.4228097,58.0500718,NA,NA,Заполярный район,Ненецкий автономный округ,Komi-Zyrian,Iźva
Хоседа-Хард,NA,67.088611,59.349167,NA,NA,Заполярный район,Ненецкий автономный округ,Komi-Zyrian,NA
Чальмны-Варрэ,NA,67.1694148,37.5983164,NA,NA,Ловозерский район,Мурманская область,Komi-Zyrian,NA
Чаркабож,136,65.7085754,54.7107665,деревня,Кипиево,Ижемский район,Республика Коми,Komi-Zyrian,Iźva
Часадор,14,62.3733102,50.7281,деревня,Серёгово,Княжпогостский район,Республика Коми,Komi-Zyrian,Vym
Часово,506,62.0118698,50.657876,село,Часово,Сыктывдинский район,Республика Коми,Komi-Zyrian,Lower Ezhva
Черноборская,15,65.1887709,53.656044,деревня,Сизябск,Ижемский район,Республика Коми,Komi-Zyrian,Iźva
Черногорская,79,65.0207777,52.3152864,деревня,Замежная,Усть-Цилемский район,Республика Коми,Komi-Zyrian,NA
Чернореченский,541,62.757982,51.4860717,посёлок,Тракт,Княжпогостский район,Республика Коми,Komi-Zyrian,NA
Чернутьево,259,63.7675624,48.6323982,село,Чернутьево,Удорский район,Республика Коми,Komi-Zyrian,Udora
Чёрный Яр,209,62.2191684,50.2876694,посёлок,Усть-Вымь,Усть-Вымский район,Республика Коми,Komi-Zyrian,Lower Ezhva
Четдино,88,61.2653752,51.9336944,деревня,Мордино,Корткеросский район,Республика Коми,Komi-Zyrian,Upper Ezhva
Чижа,NA,67.0877223,44.3835447,NA,NA,Заполярный район,Ненецкий автономный округ,Komi-Zyrian,Iźva
Чика,309,65.4869448,54.327898,деревня,Брыкаланск,Ижемский район,Республика Коми,Komi-Zyrian,Iźva
Чикшино,532,64.8963541,56.4256045,посёлок,Чикшино,Печора,Республика Коми,Komi-Zyrian,NA
Чим,454,63.4293213,48.2345014,посёлок,Чим,Удорский район,Республика Коми,Komi-Zyrian,Udora
Чиньяворык,1561,63.2087249,52.6719513,посёлок,Чиньяворык,Княжпогостский район,Республика Коми,Komi-Zyrian,NA
Читаево,281,60.4700536,49.5569357,село,Читаево,Прилузский район,Республика Коми,Komi-Zyrian,Luza-Letka
Чуб,14,62.439891,50.2462492,посёлок,Емва,Княжпогостский район,Республика Коми,Komi-Zyrian,NA
Чупрово,170,64.2231224,46.5654558,село,Чупрово,Удорский район,Республика Коми,Komi-Zyrian,Udora
Шапкино,NA,67.2363201,54.6498656,NA,NA,NA,NA,Komi-Zyrian,NA
Шежам,10,62.2965007,49.9598714,посёлок,Микунь,Усть-Вымский район,Республика Коми,Komi-Zyrian,NA
Шердино,122,63.4720049,56.4599465,посёлок,Дутово,Вуктыл,Республика Коми,Komi-Zyrian,Pechora
Шерляга,27,62.696337,56.3650089,посёлок,Мылва,Троицко-Печорский район,Республика Коми,Komi-Zyrian,Pechora
Шиляево,18,63.5501943,47.7773828,деревня,Ёртом,Удорский район,Республика Коми,Komi-Zyrian,Udora
Шорйыв,3,60.9079619,49.6558073,деревня,Куратово,Сысольский район,Республика Коми,Komi-Zyrian,Middle Sysola
Шошка,477,62.6995954,50.695994,село,Шошка,Сыктывдинский район,Республика Коми,Komi-Zyrian,Vym
Шошка,477,61.5068063,50.7188471,село,Шошка,Сыктывдинский район,Республика Коми,Komi-Zyrian,Prisyktyvkar
Шугрэм,278,60.953151,49.4460352,посёлок,Визиндор,Сысольский район,Республика Коми,Komi-Zyrian,Middle Sysola
Шудаяг,3411,63.5288557,53.6088131,пгт,NA,Городской округ Ухта,Республика Коми,Komi-Zyrian,Iźva
Шэръяг,203,61.5987214,54.3315096,посёлок,Дон,Усть-Куломский район,Республика Коми,Komi-Zyrian,Upper Ezhva
Щелино,NA,67.1253543,52.027664,NA,NA,Заполярный район,Ненецкий автономный округ,Komi-Zyrian,NA
Щель,56,64.8190953,53.7730479,деревня,Мохча,Ижемский район,Республика Коми,Komi-Zyrian,Iźva
Щельябож,570,66.2931182,56.4543688,село,NA,Городской округ Усинск,Республика Коми,Komi-Zyrian,Iźva
Щельяюр,2934,65.3255572,53.4244441,посёлок,Щельяюр,Ижемский район,Республика Коми,Komi-Zyrian,Iźva
Щучье,NA,67.2636111,68.6761111,NA,NA,Прилузский район,Ямало-Ненецкий автономный округ,Komi-Zyrian,NA
Ыб,NA,63.752894,47.533209,деревня,NA,Удорский район,Республика Коми,Komi-Zyrian,Udora
Ыб,513,61.2691598,50.5786961,село,Ыб,Сыктывдинский район,Республика Коми,Komi-Zyrian,Middle Sysola
Ыбпом,4,60.5093673,51.0758761,деревня,Куратово,Сысольский район,Республика Коми,Komi-Zyrian,Upper Sysola
Ыджыдъяг,240,63.4505025,48.8964922,посёлок,Кослан,Удорский район,Республика Коми,Komi-Zyrian,Udora
Ыргеншар,200,65.2657466,53.407962,посёлок,Краснобор,Ижемский район,Республика Коми,Komi-Zyrian,Iźva
Эжол,74,61.8713636,52.8139959,деревня,Керес,Корткеросский район,Республика Коми,Komi-Zyrian,Upper Ezhva
Эжолты,41,62.0906456,50.1534763,деревня,Кожмудор,Усть-Вымский район,Республика Коми,Komi-Zyrian,Lower Ezhva
Югыдтыдор,24,62.6625125,53.8751015,деревня,Диасёръя,Усть-Куломский район,Республика Коми,Komi-Zyrian,NA
Юманьсикт,4,60.9723365,50.2260985,деревня,Пыёлдино,Сысольский район,Республика Коми,Komi-Zyrian,Middle Sysola
Юсьтыдор,388,66.0527255,60.0882071,посёлок,NA,Городской округ Инта,Республика Коми,Komi-Zyrian,NA
Яг,292,62.1184207,49.6456453,деревня,Гам,Усть-Вымский район,Республика Коми,Komi-Zyrian,Lower Ezhva
Ягкедж,410,62.2904378,54.2109606,посёлок,Вольдино,Усть-Куломский район,Республика Коми,Komi-Zyrian,Upper Ezhva
Ягъёль,25,66.3387349,59.7182044,деревня,NA,Городской округ Инта,Республика Коми,Komi-Zyrian,Iźva
Язель,112,61.9611607,50.6111557,посёлок,Часово,Сыктывдинский район,Республика Коми,Komi-Zyrian,Lower Ezhva
Якуньель,NA,59.3787196,49.7799211,NA,NA,Прилузский район,Республика Коми,Komi-Zyrian,Luza-Letka
Якушевск,61,61.9387403,52.5056674,деревня,Вомын,Корткеросский район,Республика Коми,Komi-Zyrian,Upper Ezhva
Якша,1025,61.8232003,56.8236969,посёлок,Якша,Троицко-Печорский район,Республика Коми,Komi-Zyrian,Pechora
Ярашъю,381,62.0912914,54.3606675,посёлок,Пожег,Усть-Куломский район,Республика Коми,Komi-Zyrian,Upper Ezhva
Ярега,7806,63.4333208,53.5762953,пгт,NA,Городской округ Ухта,Республика Коми,Komi-Zyrian,Iźva
Ярпияг,87,66.5214223,62.0101713,деревня,NA,Городской округ Инта,Республика Коми,Komi-Zyrian,Iźva
Яснэг,796,61.1797045,50.6350382,посёлок,Яснэг,Сыктывдинский район,Республика Коми,Komi-Zyrian,Middle Sysola
Каневка,NA,67.13475,39.65172,,,,Ловозерский район,Мурманская область,Komi-Zyrian,Iźva
Сосновка,NA,66.51667,40.6,,,,Ловозерский район,Мурманская область,Komi-Zyrian,Iźva
